INSERT INTO ingredients (id, name) VALUES
                                       ('9dda6d5e-77d8-4a86-8833-86bdd902e281', 'Diced tomatoes'),
                                       ('2ab1433a-1cd7-4be7-ab48-553cfabd7169', 'Water'),
                                       ('b14ee15e-5c6a-4685-a196-1679a745d722', 'Rice'),
                                       ('f0723ed0-3c7b-4f3d-944b-03f23f17bd6d', 'Onions'),
                                       ('904726ba-9753-4d67-8dd5-afaeb8f76f14', 'Salt'),
                                       ('9160f904-0399-4a83-9b26-e26a82c7e756', 'Pepper'),
                                       ('2ba5af76-f394-4cb8-a830-98ed022941ed', 'Chicken'),
                                       ('bbc0fe87-ed6d-4c4a-856b-bf32809d4d5d', 'Tomato sauce'),
                                       ('c054e6c0-35d4-4de5-95d2-c3259fbb6683', 'Garlic'),
                                       ('609a57c3-f720-4109-b68f-d55b186f6415', 'Olive oil'),
                                       ('a120a625-c288-45a2-b03f-87d39a7e4735', 'Pasta'),
                                       ('18f40962-5ca9-472b-a5e6-863882c6577f', 'Parmesan cheese'),
                                       ('1bf2bf66-b260-496a-bba0-5361ad786786', 'Basil'),
                                       ('438be847-396c-41ec-acbe-b04531177a19', 'Eggs'),
                                       ('eccbc09b-6636-4412-95d8-5af3eed5b225', 'Milk'),
                                       ('4fe3d6b8-68e5-44a6-9c75-64d591ee1bf9', 'Flour'),
                                       ('5c61ac7c-67e1-4e94-9439-6c858cc56263', 'Sugar'),
                                       ('8ab942f7-e2c0-464d-956f-8c9b6324a78c', 'Chocolate'),
                                       ('7ac08ce1-caa0-4b7a-bef6-3d403228e291', 'Vanilla extract'),
                                       ('696139fa-6b61-4e3f-9d51-31c28fab936c', 'Baking powder'),
                                       ('38268358-388f-4e2e-9c07-a2787ea0781c', 'Salted butter'),
                                       ('180c1909-2f78-46f0-b3b1-b56e5b2fd267', 'Brown sugar'),
                                       ('8bc2b290-1bf4-49c9-8f5b-25a5eb535d65', 'Ground cinnamon'),
                                       ('5c6ef10f-68b2-4385-bfe9-733196636d06', 'Nutmeg'),
                                       ('111d1601-bc8a-4320-8bc4-d652b4f4079b', 'Ground cloves'),
                                       ('8da77c5c-21b4-4d58-9069-926d3ed6ea54', 'Pumpkin puree'),
                                       ('ee341cb3-665f-4992-a71d-9861ab120bbe', 'Whipped cream'),
                                       ('f521bfbb-a346-456d-9f1b-7e7938915a13', 'Maple syrup'),
                                       ('87a962f6-472b-4314-9dc4-79423619efee', 'Pecans'),
                                       ('a4978038-f41d-4a6e-bcd0-320c765f478e', 'Cranberries'),
                                       ('1450fe41-ed37-4384-8481-99208d939dbc', 'Buttermilk'),
                                       ('fee5acb9-a292-4652-890f-533fae409737', 'Cornmeal'),
                                       ('72decccb-9852-4a92-bbb5-366c293bc9d9', 'Honey'),
                                       ('8d3219a4-11dc-45cd-b5e8-77fb3226dd10', 'Walnuts'),
                                       ('d7e123b1-f024-4ab9-aeae-fd271982e759', 'Almonds'),
                                       ('9a433e67-ac49-42a1-b3ea-2c629ffd7746', 'Coconut'),
                                       ('3742649d-83e8-44a6-ade9-1aaf24f4dfb6', 'Bananas'),
                                       ('25115919-2d94-4fea-bd4c-15f83655283c', 'Blueberries'),
                                       ('646595d6-dfc2-4bd7-a443-27308b21f479', 'Raspberries'),
                                       ('2218756a-f356-4e64-8440-6796b63e49ae', 'Greek yogurt'),
                                       ('e49d9dac-1a6a-4400-82bc-a56a94a9d367', 'Green onions'),
                                       ('b49907c1-c75f-47f6-983f-93a7a701c201', 'Cilantro'),
                                       ('1d0a3b86-6907-4263-b900-01e0dd44918b', 'Lime juice'),
                                       ('102ed299-d501-4e4a-9ad6-2e760d6c5bc9', 'Eggplants'),
                                       ('da6ca80f-a11b-4ada-8c42-47a06d406234', 'Tortillas'),
                                       ('d998d785-ab8b-4892-ab77-3acb1122f88b', 'Shredded cheese'),
                                       ('78463491-d365-4ab0-8742-965d48ff348b', 'Guacamole'),
                                       ('213ccd9c-d3b4-484f-935e-4d10a66c26a9', 'Salsa'),
                                       ('4dc0cf78-2ce7-4fb7-8705-028276119b1b', 'Sour cream'),
                                       ('8009bc67-1b04-41cd-9d9e-a566b3a6b48e', 'Hot sauce'),
                                       ('71001cb4-e94c-4792-b894-f187febfe46a', 'Baking soda'),
                                       ('56b1a421-7e0e-412c-ab26-14e354239851', 'Butter'),
                                       ('3a1e3c8c-6271-467e-9a6f-2ab54278f49a', 'Chocolate Chips'),
                                       ('2ab8b9da-b019-4795-8e85-e036e2ae7ca7', 'Coffee'),
                                       ('951cb351-0e4c-4764-aeaa-a9b6444edc76', 'Mascarpone'),
                                       ('e44cc84e-582c-42c7-ad9f-2584c8e14747', 'Cocoa powder'),
                                       ('03594121-d70d-49ed-9e25-bd02d5b238e4', 'Potatoes'),
                                       ('d1e1f62a-67ae-4c87-9b01-2589df312aba', 'Vegetable Oil'),
                                       ('a5f0e476-9606-42e2-a521-4f0c668d87eb', 'Split Peas'),
                                       ('2166ad52-9e72-4eba-a691-d746319eeb28', 'Smoked Pork Hock'),
                                       ('bc411708-e63a-472f-b617-3686e249699f', 'Carrots'),
                                       ('ecb7b5fa-96c7-4728-8218-daf2489d7e33', 'Leeks'),
                                       ('66dc6993-3c11-4ca7-ab94-8c26ceea806a', 'Chicken Thighs'),
                                       ('9ad27d3c-e223-4233-87fc-7091bc4ba4e9', 'Yogurt'),
                                       ('ecbc7761-6a78-4bb2-8b9b-ba615c2b9c8d', 'Garam Masala'),
                                       ('a5aa4532-c73a-423f-9ed8-149cdda969a7', 'Paprika'),
                                       ('d7730df6-154f-4160-af09-3fa80bf1030b', 'Ground Cumin'),
                                       ('ed551b2e-a130-4b15-a185-463d0737dc27', 'Cherry tomatoes'),
                                       ('b8c30823-879c-4cb4-9c10-314d8fbcb531', 'Mozzarella'),
                                       ('6e9d90b9-8e2a-49b0-bbe0-10bf80b17ea5', 'Fresh basil leaves');

INSERT INTO tags (id, name) VALUES
                                ('9dda6d5e-77d8-4a86-8833-86bdd902e281', 'Vegan'),
                                ('2ab1433a-1cd7-4be7-ab48-553cfabd7169', 'Vegetarian'),
                                ('b14ee15e-5c6a-4685-a196-1679a745d722', 'Asian'),
                                ('f0723ed0-3c7b-4f3d-944b-03f23f17bd6d', 'Indian'),
                                ('904726ba-9753-4d67-8dd5-afaeb8f76f14', 'Italian'),
                                ('9160f904-0399-4a83-9b26-e26a82c7e756', 'Gluten-free'),
                                ('2ba5af76-f394-4cb8-a830-98ed022941ed', 'Lactose-free'),
                                ('180c1909-2f78-46f0-b3b1-b56e5b2fd267', 'Quick & Easy'),
                                ('8bc2b290-1bf4-49c9-8f5b-25a5eb535d65', 'Comfort Food'),
                                ('5c6ef10f-68b2-4385-bfe9-733196636d06', 'Holiday'),
                                ('111d1601-bc8a-4320-8bc4-d652b4f4079b', 'Summer'),
                                ('8da77c5c-21b4-4d58-9069-926d3ed6ea54', 'Winter'),
                                ('8ab942f7-e2c0-464d-956f-8c9b6324a78c', 'Low-Carb'),
                                ('7ac08ce1-caa0-4b7a-bef6-3d403228e291', 'High-Protein'),
                                ('4fe3d6b8-68e5-44a6-9c75-64d591ee1bf9', 'Seafood'),
                                ('bbc0fe87-ed6d-4c4a-856b-bf32809d4d5d', 'Mexican'),
                                ('c054e6c0-35d4-4de5-95d2-c3259fbb6683', 'Mediterranean');

-- Insert statement for Chocolate Chip Cookies
INSERT INTO recipes (id, name, description, servings) VALUES
    ('9dda6d5e-77d8-4a86-8833-86bdd902e281', 'Chocolate Chip Cookies', 'Classic chocolate chip cookies that are soft and chewy.', 24);

-- Tiramisu Recipe
INSERT INTO recipes (id, name, description, servings)
VALUES ('bbc0fe87-ed6d-4c4a-856b-bf32809d4d5d', 'Tiramisu', 'Classic Italian dessert with layers of coffee-soaked ladyfingers and mascarpone cream.', 8);

-- Belgian Fries Recipe
INSERT INTO recipes (id, name, description, servings)
VALUES ('c054e6c0-35d4-4de5-95d2-c3259fbb6683', 'Belgian Fries', 'Classic crispy Belgian-style fries served with your favorite dipping sauce.', 4);

-- Dutch Erwtensoep Recipe
INSERT INTO recipes (id, name, description, servings)
VALUES ('609a57c3-f720-4109-b68f-d55b186f6415', 'Dutch Erwtensoep', 'Hearty split pea soup a traditional Dutch winter dish.', 6);

-- Indian Chicken Tikka Masala Recipe
INSERT INTO recipes (id, name, description, servings)
VALUES ('180c1909-2f78-46f0-b3b1-b56e5b2fd267', 'Indian Chicken Tikka Masala', 'Creamy and flavorful Indian curry with marinated and grilled chicken.', 4);

-- Ingredients for Chocolate Chip Cookies
INSERT INTO quantities (recipe_id, value, symbol, ingredient_id) VALUES
                                                                     ('9dda6d5e-77d8-4a86-8833-86bdd902e281', 2, 'cups', '4fe3d6b8-68e5-44a6-9c75-64d591ee1bf9'), -- Flour
                                                                     ('9dda6d5e-77d8-4a86-8833-86bdd902e281', 1, 'tsp', '71001cb4-e94c-4792-b894-f187febfe46a'), -- Baking Soda
                                                                     ('9dda6d5e-77d8-4a86-8833-86bdd902e281', 1, 'cup', '56b1a421-7e0e-412c-ab26-14e354239851'), -- Butter
                                                                     ('9dda6d5e-77d8-4a86-8833-86bdd902e281', 3, '/4 cup', '5c61ac7c-67e1-4e94-9439-6c858cc56263'), -- Sugar
                                                                     ('9dda6d5e-77d8-4a86-8833-86bdd902e281', 2, 'tsp', '7ac08ce1-caa0-4b7a-bef6-3d403228e291'), -- Vanilla Extract
                                                                     ('9dda6d5e-77d8-4a86-8833-86bdd902e281', 2, 'cups', '3a1e3c8c-6271-467e-9a6f-2ab54278f49a'), -- Chocolate Chips
                                                                     ('9dda6d5e-77d8-4a86-8833-86bdd902e281', 2, 'large', '438be847-396c-41ec-acbe-b04531177a19'), -- Eggs
                                                                     ('9dda6d5e-77d8-4a86-8833-86bdd902e281', 1, 'tsp', '904726ba-9753-4d67-8dd5-afaeb8f76f14'); -- Salt


-- Ingredients for Tiramisu
INSERT INTO quantities (recipe_id, value, symbol, ingredient_id) VALUES
                                                                     ('bbc0fe87-ed6d-4c4a-856b-bf32809d4d5d', 1, 'cup', '2ab8b9da-b019-4795-8e85-e036e2ae7ca7'), -- Coffee
                                                                     ('bbc0fe87-ed6d-4c4a-856b-bf32809d4d5d', 1, 'cup', '951cb351-0e4c-4764-aeaa-a9b6444edc76'), -- Mascarpone
                                                                     ('bbc0fe87-ed6d-4c4a-856b-bf32809d4d5d', 0.5, 'cup', '5c61ac7c-67e1-4e94-9439-6c858cc56263'), -- Sugar
                                                                     ('bbc0fe87-ed6d-4c4a-856b-bf32809d4d5d', 2, 'tsp', 'e44cc84e-582c-42c7-ad9f-2584c8e14747'); -- Cocoa Powder

-- Ingredients for Belgium fries
INSERT INTO quantities (recipe_id, value, symbol, ingredient_id) VALUES
                                                                     ('c054e6c0-35d4-4de5-95d2-c3259fbb6683', 4, 'large', '03594121-d70d-49ed-9e25-bd02d5b238e4'), -- Potatoes
                                                                     ('c054e6c0-35d4-4de5-95d2-c3259fbb6683', 2, 'cups', '9160f904-0399-4a83-9b26-e26a82c7e756'), -- Vegetable Oil
                                                                     ('c054e6c0-35d4-4de5-95d2-c3259fbb6683', 0, 'to taste', '904726ba-9753-4d67-8dd5-afaeb8f76f14'); -- Salt


-- Ingredients for Erwtensoep
INSERT INTO quantities (recipe_id, value, symbol, ingredient_id) VALUES
                                                                     ('609a57c3-f720-4109-b68f-d55b186f6415', 1, 'lb', 'a5f0e476-9606-42e2-a521-4f0c668d87eb'), -- Split Peas
                                                                     ('609a57c3-f720-4109-b68f-d55b186f6415', 1, 'small', '2166ad52-9e72-4eba-a691-d746319eeb28'), -- Smoked Pork Hock
                                                                     ('609a57c3-f720-4109-b68f-d55b186f6415', 2, 'medium', 'bc411708-e63a-472f-b617-3686e249699f'), -- Carrots
                                                                     ('609a57c3-f720-4109-b68f-d55b186f6415', 2, 'medium', '03594121-d70d-49ed-9e25-bd02d5b238e4'), -- Potatoes
                                                                     ('609a57c3-f720-4109-b68f-d55b186f6415', 2, 'small', 'ecb7b5fa-96c7-4728-8218-daf2489d7e33'); -- Leeks

-- Ingredients for Chicken Tikka Masala
INSERT INTO quantities (recipe_id, value, symbol, ingredient_id) VALUES
                                                                     ('180c1909-2f78-46f0-b3b1-b56e5b2fd267', 1, 'lb', '66dc6993-3c11-4ca7-ab94-8c26ceea806a'), -- Chicken Thighs
                                                                     ('180c1909-2f78-46f0-b3b1-b56e5b2fd267', 50, 'lb', '9ad27d3c-e223-4233-87fc-7091bc4ba4e9'), -- Yogurt
                                                                     ('180c1909-2f78-46f0-b3b1-b56e5b2fd267', 2, 'tbsp', 'ecbc7761-6a78-4bb2-8b9b-ba615c2b9c8d'), -- Garam Masala
                                                                     ('180c1909-2f78-46f0-b3b1-b56e5b2fd267', 1, 'tbsp', 'a5aa4532-c73a-423f-9ed8-149cdda969a7'), -- Paprika
                                                                     ('180c1909-2f78-46f0-b3b1-b56e5b2fd267', 1, 'tsp', '180c1909-2f78-46f0-b3b1-b56e5b2fd267'); -- Ground Cumin

-- Chocolate Chip cookies recipe
INSERT INTO steps (recipe_id, step_order, description) VALUES
                                                           ('9dda6d5e-77d8-4a86-8833-86bdd902e281', 1, 'Preheat the oven to 350째F (175째C).'),
                                                           ('9dda6d5e-77d8-4a86-8833-86bdd902e281', 2, 'In a large bowl, cream together the butter, sugar, and vanilla extract until smooth.'),
                                                           ('9dda6d5e-77d8-4a86-8833-86bdd902e281', 3, 'Beat in the eggs one at a time, then stir in the baking soda.'),
                                                           ('9dda6d5e-77d8-4a86-8833-86bdd902e281', 4, 'Gradually add the flour and mix until just combined.'),
                                                           ('9dda6d5e-77d8-4a86-8833-86bdd902e281', 5, 'Fold in the chocolate chips.'),
                                                           ('9dda6d5e-77d8-4a86-8833-86bdd902e281', 6, 'Drop rounded tablespoons of dough onto ungreased baking sheets.'),
                                                           ('9dda6d5e-77d8-4a86-8833-86bdd902e281', 7, 'Bake for 10-12 minutes or until edges are golden brown.');

-- Tiramisu recipe
INSERT INTO steps (recipe_id, step_order, description) VALUES
                                                           ('bbc0fe87-ed6d-4c4a-856b-bf32809d4d5d', 1, 'Brew a strong cup of coffee and set aside to cool.'),
                                                           ('bbc0fe87-ed6d-4c4a-856b-bf32809d4d5d', 2, 'In a mixing bowl whisk together mascarpone and sugar until smooth.'),
                                                           ('bbc0fe87-ed6d-4c4a-856b-bf32809d4d5d', 3, 'Dip ladyfingers into the cooled coffee and layer them in a serving dish.'),
                                                           ('bbc0fe87-ed6d-4c4a-856b-bf32809d4d5d', 4, 'Spread half of the mascarpone mixture over the ladyfingers.'),
                                                           ('bbc0fe87-ed6d-4c4a-856b-bf32809d4d5d', 5, 'Repeat the layers finishing with a dusting of cocoa powder.');

-- Belgian Fries recipe
INSERT INTO steps (recipe_id, step_order, description) VALUES
                                                           ('c054e6c0-35d4-4de5-95d2-c3259fbb6683', 1, 'Peel and cut the potatoes into fries.'),
                                                           ('c054e6c0-35d4-4de5-95d2-c3259fbb6683', 2, 'Soak the cut fries in cold water for at least 30 minutes.'),
                                                           ('c054e6c0-35d4-4de5-95d2-c3259fbb6683', 3, 'Heat the vegetable oil in a deep fryer to 350째F (175째C).'),
                                                           ('c054e6c0-35d4-4de5-95d2-c3259fbb6683', 4, 'Drain the soaked fries and pat them dry.'),
                                                           ('c054e6c0-35d4-4de5-95d2-c3259fbb6683', 5, 'Fry the potatoes in batches until golden brown and crispy.'),
                                                           ('c054e6c0-35d4-4de5-95d2-c3259fbb6683', 6, 'Remove from the fryer, drain on paper towels, and season with salt.');

-- Erwtensoep recipe
INSERT INTO steps (recipe_id, step_order, description) VALUES
                                                           ('609a57c3-f720-4109-b68f-d55b186f6415', 1, 'In a large pot, combine split peas, smoked pork hock, and enough water to cover.'),
                                                           ('609a57c3-f720-4109-b68f-d55b186f6415', 2, 'Bring to a boil, then reduce heat and simmer for 1 hour, skimming off any foam.'),
                                                           ('609a57c3-f720-4109-b68f-d55b186f6415', 3, 'Add chopped carrots, potatoes, and leeks to the pot.'),
                                                           ('609a57c3-f720-4109-b68f-d55b186f6415', 4, 'Continue simmering until the peas and vegetables are tender.'),
                                                           ('609a57c3-f720-4109-b68f-d55b186f6415', 5, 'Remove the pork hock, shred the meat, and return it to the soup.'),
                                                           ('609a57c3-f720-4109-b68f-d55b186f6415', 6, 'Season with salt and pepper to taste.');

-- Indian Chicken Tikka Masala recipe
INSERT INTO steps (recipe_id, step_order, description) VALUES
                                                           ('180c1909-2f78-46f0-b3b1-b56e5b2fd267', 1, 'In a bowl, mix yogurt, garam masala, paprika, and ground cumin.'),
                                                           ('180c1909-2f78-46f0-b3b1-b56e5b2fd267', 2, 'Add chicken thighs to the marinade and refrigerate for at least 2 hours.'),
                                                           ('180c1909-2f78-46f0-b3b1-b56e5b2fd267', 3, 'Grill or bake the marinated chicken until fully cooked.'),
                                                           ('180c1909-2f78-46f0-b3b1-b56e5b2fd267', 4, 'In a separate pan, prepare a creamy tomato-based sauce.'),
                                                           ('180c1909-2f78-46f0-b3b1-b56e5b2fd267', 5, 'Add the grilled chicken to the sauce and simmer until heated through.'),
                                                           ('180c1909-2f78-46f0-b3b1-b56e5b2fd267', 6, 'Serve over rice or with naan bread.');
-- Chocolate Chip Cookies
INSERT INTO recipes_tags (recipe_id, tag_id) VALUES
                                                 ('9dda6d5e-77d8-4a86-8833-86bdd902e281', '9dda6d5e-77d8-4a86-8833-86bdd902e281'), -- Vegan
                                                 ('9dda6d5e-77d8-4a86-8833-86bdd902e281', '2ab1433a-1cd7-4be7-ab48-553cfabd7169'), -- Vegetarian
                                                 ('9dda6d5e-77d8-4a86-8833-86bdd902e281', '8bc2b290-1bf4-49c9-8f5b-25a5eb535d65'), -- Comfort Food
                                                 ('9dda6d5e-77d8-4a86-8833-86bdd902e281', '180c1909-2f78-46f0-b3b1-b56e5b2fd267'); -- Quick & Easy

-- Tiramisu
INSERT INTO recipes_tags (recipe_id, tag_id) VALUES
                                                 ('bbc0fe87-ed6d-4c4a-856b-bf32809d4d5d', '9dda6d5e-77d8-4a86-8833-86bdd902e281'), -- Vegan
                                                 ('bbc0fe87-ed6d-4c4a-856b-bf32809d4d5d', '2ab1433a-1cd7-4be7-ab48-553cfabd7169'), -- Vegetarian
                                                 ('bbc0fe87-ed6d-4c4a-856b-bf32809d4d5d', '8bc2b290-1bf4-49c9-8f5b-25a5eb535d65'), -- Comfort Food
                                                 ('bbc0fe87-ed6d-4c4a-856b-bf32809d4d5d', '904726ba-9753-4d67-8dd5-afaeb8f76f14'), -- Italian
                                                 ('bbc0fe87-ed6d-4c4a-856b-bf32809d4d5d', '111d1601-bc8a-4320-8bc4-d652b4f4079b'); -- Summer

-- Belgium Fries
INSERT INTO recipes_tags (recipe_id, tag_id) VALUES
                                                 ('c054e6c0-35d4-4de5-95d2-c3259fbb6683', '9dda6d5e-77d8-4a86-8833-86bdd902e281'), -- Vegan
                                                 ('c054e6c0-35d4-4de5-95d2-c3259fbb6683', '2ab1433a-1cd7-4be7-ab48-553cfabd7169'); -- Vegetarian

-- Dutch Erwtensoep
INSERT INTO recipes_tags (recipe_id, tag_id) VALUES
    ('609a57c3-f720-4109-b68f-d55b186f6415', '7ac08ce1-caa0-4b7a-bef6-3d403228e291'); -- Winter

-- Indian Chicken Tikka Masala
INSERT INTO recipes_tags (recipe_id, tag_id) VALUES
                                                 ('180c1909-2f78-46f0-b3b1-b56e5b2fd267', 'f0723ed0-3c7b-4f3d-944b-03f23f17bd6d'), -- Indian
                                                 ('180c1909-2f78-46f0-b3b1-b56e5b2fd267', '7ac08ce1-caa0-4b7a-bef6-3d403228e291'); -- High-Protein